Latitude,Longitude,Altitude
45.7773364722222,10.2617521944444,656.44
45.7773369444444,10.2617259444444,656.406
45.7773380833333,10.2616246944444,656.441
45.7773395,10.2615235277778,656.39
45.7773401944444,10.2614189722222,656.425
45.7773330833333,10.2613258333333,656.485
45.7772909444444,10.2613134166667,656.467
45.7772367777778,10.2613609166667,656.47
45.7772148888889,10.26145375,656.422
45.7772128055556,10.2615535,656.441
45.7772109166667,10.2616557222222,656.41
45.7772075833333,10.26175875,656.427
45.7771760277778,10.2618421388889,656.434
45.7771142777778,10.2618774166667,656.479
45.7770845,10.2618355277778,656.429
45.7770825277778,10.2617419444444,656.441
45.7770826944444,10.2616403611111,656.431
45.7770825,10.2615393888889,656.431
45.7770538611111,10.2614873055556,656.462
45.7770019166667,10.2615144722222,656.417
45.7769617222222,10.2615918055556,656.387
45.7769564722222,10.2616928888889,656.427
45.7769544444444,10.2617957222222,656.457
45.7769520555556,10.2618978055556,656.464
45.7769290833333,10.2619873611111,656.458
45.7768698055556,10.2620324444444,656.458
45.7768301111111,10.2620074166667,656.409
45.7768266944444,10.2619214722222,656.379
45.7768263888889,10.2618185555556,656.39
45.7768245555556,10.2617183333333,656.415
45.7767955555556,10.2616683611111,656.447
45.7767430833333,10.2616973333333,656.436
45.776704,10.2617767777778,656.428
45.7766989444444,10.2618756666667,656.405
45.7766969166667,10.2619784166667,656.47
45.7766934722222,10.2620805277778,656.425
45.77665875,10.2621615833333,656.43
45.7765991388889,10.2621949722222,656.517
45.7765710555556,10.2621503055556,656.462
45.7765693055556,10.2620548611111,656.421
45.77656975,10.2619538055556,656.394
45.7765608611111,10.2618642777778,656.421
45.7765170833333,10.261856,656.406
45.7764628611111,10.2619059444444,656.433
45.7764433888889,10.2619996666667,656.384
45.7764400277778,10.2621108333333,656.408
45.7764383055556,10.262204,656.453
45.7764187222222,10.2622973055556,656.394
45.7763604722222,10.2623484722222,656.428
45.7763170555556,10.2623299166667,656.465
45.77631175,10.2622449722222,656.491
45.7763120277778,10.2621429722222,656.447
45.7763046944444,10.2620495277778,656.45
45.7762635833333,10.2620325555556,656.471
45.7762081388889,10.2620806944444,656.473
45.7761868055556,10.2621698611111,656.452
45.7761966388889,10.26225775,656.451
45.7762488888889,10.2622695833333,656.412
45.7763156944444,10.2622399722222,656.435
45.7763828333333,10.2622077777778,656.412
45.7764495833333,10.2621756388889,656.428
45.7765185555556,10.2621424166667,656.435
45.7765853333333,10.2621100555556,656.441
45.7766543055556,10.262077,656.459
45.7767208333333,10.2620443888889,656.457
45.7767890555556,10.2620113333333,656.438
45.7768563333333,10.2619790277778,656.419
45.7769251944444,10.26194525,656.428
45.77699275,10.2619123055556,656.442
45.7770599444444,10.2618793055556,656.427
45.7771269166667,10.2618468055556,656.447
45.7771959444444,10.2618133333333,656.442
45.7772637777778,10.2617816388889,656.446
45.7773313333333,10.2617479166667,656.436
45.7773985833333,10.2617268333333,656.456
45.7774562222222,10.2617421944444,656.438
45.7774641111111,10.2616894722222,656.422
45.7774666666667,10.2615852777778,656.417
45.7774674722222,10.261485,656.411
45.7774687777778,10.2613811388889,656.44
45.7774709444444,10.2612803888889,656.446
45.777495,10.261215,656.443
45.7775499444444,10.2612326388889,656.42
45.7775915833333,10.2613059166667,656.431
45.7775950555556,10.2614046388889,656.45
45.7775950555556,10.2615084444444,656.419
45.7775950555556,10.2616099166667,656.433
45.7775925555556,10.2617129722222,656.447
45.7775918888889,10.2618162222222,656.449
45.7776119722222,10.2619095277778,656.449
45.77766425,10.261976,656.417
45.7777082777778,10.26197325,656.426
45.7777171666667,10.2618984444444,656.405
45.7777192222222,10.2617932222222,656.413
45.7777199166667,10.2616920833333,656.44
45.7777206388889,10.2615896666667,656.444
45.7777220833333,10.2614864166667,656.456
45.7777404444444,10.2614140277778,656.481
45.7777871111111,10.2614284166667,656.451
45.7778363333333,10.2614967777778,656.429
45.7778466666667,10.2615935277778,656.401
45.7778468611111,10.26169525,656.416
45.7778455555556,10.2617992222222,656.432
45.7778451111111,10.2619003611111,656.454
45.7778442777778,10.262004,656.485
45.7778464166667,10.26210525,656.496
45.7778761666667,10.2621930833333,656.444
45.7779308055556,10.2622486111111,656.415
45.7779641388889,10.2622215833333,656.39
45.7779694722222,10.2621350277778,656.425
45.7779712777778,10.2620333333333,656.434
45.7779726388889,10.26193075,656.445
45.7779735277778,10.2618271666667,656.444
45.7779746388889,10.2617249722222,656.424
45.7779885555556,10.2616419166667,656.395
45.7780353888889,10.2616457777778,656.418
45.7780850277778,10.2617069166667,656.428
45.7780993333333,10.2618031944444,656.426
45.7780994444444,10.26190525,656.436
45.7780988888889,10.2620065555556,656.435
45.7780971666667,10.2621105,656.434
45.7780963333333,10.26221175,656.431
45.7780952777778,10.2623150833333,656.447
45.7781061388889,10.2624135833333,656.402
45.7781522777778,10.2624883888889,656.398
45.7782030277778,10.26251225,656.433
45.7782197222222,10.2624511944444,656.403
45.7782223055556,10.2623498333333,656.406
45.7782235555556,10.2622492777778,656.407
45.7782244444444,10.2621475555556,656.42
45.7782251666667,10.2620433611111,656.426
45.7782259722222,10.2619398055556,656.465
45.7782416388889,10.2618602222222,656.46
45.7782871944444,10.2618671388889,656.433
45.7783385555556,10.2619308888889,656.445
45.7783520277778,10.2620288611111,656.428
45.7783525277778,10.2621296388889,656.451
45.7783516944444,10.26223175,656.475
45.7783502222222,10.2623335833333,656.483
45.7783489722222,10.2624353888889,656.448
45.7783467777778,10.2625401111111,656.411
45.778355,10.26263925,656.415
45.7784038333333,10.2627055277778,656.412
45.7784570277778,10.2627158888889,656.433
45.7784715,10.2626479166667,656.422
45.7784739444444,10.2625452777778,656.397
45.7784752222222,10.2624420277778,656.405
45.77847625,10.2623404166667,656.442
45.778478,10.2622386111111,656.452
45.7784820277778,10.2621390833333,656.486
45.7785158888889,10.2621021944444,656.451
45.7785645,10.2621460833333,656.421
45.7786004444444,10.2622306388889,656.414
45.7786044722222,10.2623326666667,656.424
45.7786036666667,10.2624355833333,656.43
45.7786023333333,10.2625372777778,656.437
45.7786007222222,10.2626390833333,656.436
45.7785995555556,10.2627418333333,656.46
45.7786158611111,10.2628388611111,656.496
45.7786697777778,10.2628962222222,656.518
45.7787152222222,10.2628895,656.485
45.7787245833333,10.2628109166667,656.407
45.7787269722222,10.2627059166667,656.39
45.7787285555556,10.2626045555556,656.398
45.7787298888889,10.2625018333333,656.413
45.7787345833333,10.26240125,656.475
45.7787678055556,10.2623693888889,656.457
45.7788161388889,10.2624132222222,656.443
45.7788509722222,10.2624973888889,656.444
45.7788555555556,10.2625988055556,656.427
45.7788553055556,10.2626991944444,656.437
45.778854,10.2628031944444,656.446
45.7788530555556,10.2629053888889,656.412
45.7788627777778,10.2630046388889,656.407
45.7789123333333,10.2630697777778,656.45
45.7789643888889,10.2630773611111,656.44
45.7789776111111,10.2630080277778,656.427
45.7789800277778,10.26290325,656.418
45.77898175,10.26280275,656.428
45.7789837777778,10.2626989444444,656.437
45.7790045833333,10.2626361111111,656.434
45.7790536388889,10.2626639166667,656.405
45.7790968055556,10.2627357777778,656.424
45.7791071666667,10.2628326666667,656.413
45.7791076388889,10.2629359722222,656.453
45.7791064722222,10.2630379722222,656.444
45.77910475,10.2631100277778,656.429
45.77910525,10.2631294722222,656.394
45.7791339444444,10.2632021944444,656.415
45.7791975833333,10.2632088611111,656.445
45.7792289166667,10.2631439166667,656.437
45.7792322222222,10.2630449722222,656.424
45.7792339166667,10.2629427777778,656.435
45.779236,10.2628383055556,656.462
45.779265,10.2627621388889,656.454
45.7793311111111,10.2627548333333,656.432
45.7793612222222,10.2628180555556,656.434
45.7793630833333,10.2629184722222,656.451
45.7793621388889,10.2630216388889,656.45
45.7793616111111,10.2631238333333,656.452
45.7793875277778,10.2631981666667,656.451
45.7794494444444,10.2632015833333,656.446
45.7794836666667,10.2631352777778,656.455
45.7794872222222,10.2630338611111,656.444
45.7794897777778,10.2629309166667,656.434
45.7794916111111,10.2628290277778,656.438
45.7795185833333,10.2627488611111,656.417
45.7795830555556,10.2627392222222,656.463
45.7796163888889,10.2628015277778,656.426
45.7796176944444,10.2628984722222,656.409
45.7796169166667,10.2630017777778,656.432
45.7796158611111,10.2631031666667,656.455
45.7796403055556,10.2631811944444,656.435
45.7797014444444,10.2631877222222,656.431
45.7797384166667,10.2631225,656.432
45.7797426666667,10.2630235555556,656.442
45.7797440555556,10.2629194166667,656.41
45.7797456388889,10.2628180555556,656.455
45.7797699444444,10.2627351944444,656.53
45.7798348611111,10.2627226944444,656.541
45.7798698055556,10.2627805555556,656.446
45.77987175,10.2628954444444,656.396
45.7798708055556,10.26298075,656.407
45.7798708055556,10.2630821111111,656.438
45.7798926111111,10.2631630277778,656.43
45.7799542777778,10.2631726944444,656.428
45.7799934722222,10.2631129722222,656.426
45.7799976944444,10.2630118611111,656.441
45.7800001388889,10.2629108888889,656.442
45.7800006388889,10.2628102222222,656.446
45.7799998333333,10.2627791111111,656.43
45.7800025,10.2627601388889,656.42
45.7800495277778,10.2627068055556,656.447
45.7801105833333,10.2627205277778,656.41
45.7801273611111,10.2627992222222,656.385
45.7801273888889,10.2629028055556,656.401
45.7801270833333,10.2630048611111,656.476
45.7801302777778,10.2631048055556,656.542
45.780174,10.2631464722222,656.476
45.7802343055556,10.2631215277778,656.482
45.7802512777778,10.2630333333333,656.459
45.7802542777778,10.2629298333333,656.446
45.7802555833333,10.2628282777778,656.431
45.7802654444444,10.2627311111111,656.444
45.7803195277778,10.2626904444444,656.424
45.7803740277778,10.262719,656.408
45.7803825555556,10.2628081944444,656.409
45.7803828333333,10.2629102222222,656.456
45.7803811388889,10.2630128333333,656.444
45.78039775,10.2630974166667,656.489
45.7804564444444,10.2631081666667,656.492
45.7805025,10.263051,656.474
45.7805078888889,10.2629528333333,656.434
45.7805101944444,10.2628498333333,656.431
45.7805135,10.2627495833333,656.429
45.780552,10.2626818055556,656.392
45.7806149444444,10.2626846666667,656.448
45.7806377222222,10.2627573055556,656.469
45.78063825,10.2628596944444,656.457
45.7806374166667,10.2629619722222,656.44
45.7806488611111,10.2630520277778,656.515
45.7807030833333,10.2630741111111,656.452
45.78075575,10.2630270555556,656.449
45.78076325,10.2629310833333,656.444
45.7807651388889,10.2628294166667,656.435
45.7807695277778,10.2627277777778,656.439
45.7808111666667,10.2626661111111,656.403
45.7808745,10.2626743055556,656.409
45.7808932777778,10.2627505277778,656.436
45.7808936111111,10.2628519444444,656.434
45.7808963055556,10.2629915,656.433
45.7809146666667,10.2630315555556,656.426
45.7809758055556,10.2630346388889,656.436
45.7810153611111,10.2629684166667,656.451
45.7810194166667,10.26286875,656.439
45.7810225555556,10.262767,656.441
45.7810375,10.2626743055556,656.457
45.7810971666667,10.2626457777778,656.423
45.78114375,10.2626864722222,656.437
45.7811484166667,10.2627794722222,656.429
45.7811485,10.2628823333333,656.41
45.7811566666667,10.2629768333333,656.459
45.7812080555556,10.2630033055556,656.457
45.7812642777778,10.2629611111111,656.425
45.7812741666667,10.2628664722222,656.434
45.7812769722222,10.2627641666667,656.435
45.7812873055556,10.2626691111111,656.452
45.7813447222222,10.2626298333333,656.433
45.7813971666667,10.2626609444444,656.441
45.7814038888889,10.2627523055556,656.414
45.7814031388889,10.2628532777778,656.408
45.78141525,10.26294675,656.465
45.7814703611111,10.2629665277778,656.426
45.7815221388889,10.2629203333333,656.468
45.7815301388889,10.2628221944444,656.455
45.7815319166667,10.2627203333333,656.443
45.781553,10.2626321944444,656.433
45.78161475,10.2626136944444,656.448
45.7816546944444,10.262663,656.41
45.7816581944444,10.2627601944444,656.419
45.7816591666667,10.2628608888889,656.402
45.7816904444444,10.26292825,656.392
45.7817545,10.2629208888889,656.475
45.7817835833333,10.2628445555556,656.478
45.7817861111111,10.2627436666667,656.421
45.7817936666667,10.2626447777778,656.416
45.7818450555556,10.2625965555556,656.416
45.7819020833333,10.2626168333333,656.432
45.7819131388889,10.2627053333333,656.418
45.78191375,10.2628073611111,656.441
45.7819320555556,10.2628915,656.458
45.7819921388889,10.26290425,656.446
45.7820358888889,10.2628468888889,656.439
45.7820405833333,10.2627483055556,656.394
45.78204575,10.2626449444444,656.372
45.782087,10.2625835,656.429
45.7821500555556,10.2625918611111,656.463
45.7821688333333,10.2626683055556,656.43
45.7821693333333,10.2627718611111,656.448
45.7821821666667,10.2628605277778,656.404
45.7822404166667,10.2628789166667,656.418
45.7822897777778,10.2628313055556,656.441
45.7822961666667,10.2627351666667,656.447
45.7823002222222,10.2626323333333,656.436
45.7823413888889,10.2625640833333,656.431
45.7824038611111,10.2625643055556,656.421
45.7824245277778,10.2626364444444,656.43
45.7824244166667,10.2627379722222,656.39
45.7824342222222,10.2628315,656.389
45.7824881111111,10.2628569722222,656.445
45.7825418333333,10.2628157777778,656.463
45.7825517777778,10.2627180277778,656.453
45.782554,10.2626158888889,656.457
45.7825820833333,10.2625316388889,656.433
45.7826471666667,10.2625151944444,656.443
45.7826787222222,10.2625711944444,656.432
45.7826801944444,10.26267075,656.41
45.7826823888889,10.2627705555556,656.455
45.7827184722222,10.2628297777778,656.448
45.7827814166667,10.2628175833333,656.446
45.7828050555556,10.2627376388889,656.453
45.7828076111111,10.2626353611111,656.44
45.7828132222222,10.2625354444444,656.426
45.7828625555556,10.2624759444444,656.407
45.7829215277778,10.2624863055556,656.434
45.7829356111111,10.2625681111111,656.453
45.7829351944444,10.2626693888889,656.451
45.7829406666667,10.2627676111111,656.472
45.7829851388889,10.2628079444444,656.461
45.7830451666667,10.26278125,656.415
45.7830602222222,10.2626911111111,656.414
45.78306225,10.2625894722222,656.454
45.7830691111111,10.2624876111111,656.453
